query,top_result,top_result_color,recommendation
blue kurta for office women,Shree Women Blue and Red Printed Kurta,Blue,"1. TOP PICK: I recommend the Shree Women Blue and Red Printed Kurta for its classic blue tone and subtle print. It matches the query perfectly, offering a versatile and professional look.

2. STYLING TIP: Pair it with white palazzo pants and Kolhapuri flats for a chic office look. Add a simple jhumka for a touch of elegance.

3. OCCASION FIT: This outfit works best for a professional office setting, blending comfort and style in the Indian fashion context."
casual white tshirt men summer,Basics Men White T-shirt,White,"**TOP PICK**: I recommend the Basics Men White T-shirt for its classic fit and versatility. It matches the query perfectly, offering a crisp white tee for summer.

**STYLING TIP**: Pair it with light-washed jeans and sneakers for a casual look, or with a pair of linen pants and Kolhapuri flats for a more Indian-inspired outfit. Add a statement jhumka-inspired necklace for a touch of Indian flair.

**OCCASION FIT**: This works best for a casual outing or daily wear in the Indian summer."
black formal shoes men,Provouge Men Black Classic Formal Shoe,Black,"**TOP PICK**: I recommend the Provouge Men Black Classic Formal Shoe for its timeless design and perfect match to the query. This shoe is a versatile choice for formal events in the Indian context.

**STYLING TIP**: Pair it with a navy blue or black salwar suit for a sophisticated look, and add a simple watch and cufflinks for a touch of elegance. For a more traditional look, pair with a white or light-colored kurta and formal trousers.

**OCCASION FIT**: This works best for formal office events or weddings, where a classic and elegant look is required."
pink party dress women evening,Forever New Women's Pink Dress,Pink,"TOP PICK: I recommend the Forever New Women's Pink Dress for its perfect blend of elegance and vibrancy. It matches the query as a stunning party dress for women.

STYLING TIP: Pair it with block heels and jhumkas for a chic look. Add a potli bag for a touch of traditional Indian flair.

OCCASION FIT: This dress is ideal for an evening party or festive occasion, exuding a sophisticated and feminine charm in the Indian fashion context."
comfortable running shoes men,Spinn Men Track Runner White Sports Shoes,White,"**TOP PICK**: I recommend the Spinn Men Track Runner White Sports Shoes for their perfect blend of comfort and style. This shoe matches the query as it's ideal for running and pairs well with Indian casual wear.

**STYLING TIP**: Pair the Spinn Men Track Runner with kurta and jeans for a chic look, or with linen pants for a more relaxed vibe. Add a pop of color with a vibrant scarf or a traditional jhumka.

**OCCASION FIT**: This works best for casual outings or daily runs in an Indian setting."
